Fecha evento,Longitud,Latitud,Elevacion,Pendiente,Cobertura del suelo,Zonificacion,Unidad Geologica del Suelo,P_24_Horas,P_7_Dias,P_15_Dias,P_30_Dias,P_60_Dias,P_90_Dias
2/28/2018 0:00,-76.55149463,3.322483286,1027.87439,18.60763741,Ríos,Amenaza baja,Cono aluvial 2 rio Pance,0,22.9,73.5,309.6,504.4,619.9
2/9/2016 0:00,-76.56617727,3.449622047,1070.66626,16.97060204,Pasto cultivado arbolado,Amenaza baja,Formacion Volcanica,0,0.6,3.4,35.4,57.2,155.4
2/25/2018 0:00,-76.55314365,3.321914951,1022.747253,11.76323891,Arbustal y matorral abierto bajo de tierra firme,Amenaza baja,Formacion Jamundi,0,44.4,100.7,303.7,508.1,622.3
2/7/2018 0:00,-76.56352768,3.302183942,1058.497437,27.95201874,Pasto cultivado,Amenaza baja,Formacion Jamundi,0,5.0,14.0,82.0,211.0,539.0
8/11/2017 0:00,-76.54941008,3.361823615,1012.649475,24.8802948,Bosque mixto fragmentado con pastos y cultivos,Amenaza baja,Cono aluvial 1 rio Pance,2,31.4,31.4,84.5,156.5,271.2
3/25/2023 0:00,-76.54078611,3.446875299,1034.65564,7.418504238,Zonas urbanas continuas,Amenaza baja,Formacion Volcanica,0,15.3,39.4,141.0,218.1,294.9
1/21/2019 0:00,-76.55088692,3.452328489,1029.619263,4.604764938,Zonas urbanas continuas,Amenaza baja,Formacion Volcanica,0,21.3,21.3,84.6,417.5,622.5
1/28/2015 0:00,-76.56989703,3.304113285,1038.599487,28.27173233,Arbustal y matorral abierto bajo de tierra firme,Amenaza baja,Formacion Jamundi,12,27.0,134.0,153.0,234.0,394.0
1/19/2018 0:00,-76.56060283,3.311331906,1083.788818,14.13458633,Pasto cultivado enmalezado,Amenaza baja,Formacion Jamundi,0,32.0,85.0,188.0,281.0,566.0
1/3/2016 0:00,-76.57207407,3.312314051,1099.497681,63.93966675,Bosque mixto denso bajo de tierra firme,Amenaza baja,Formacion Jamundi,1,4.4,4.6,31.4,294.2,310.6
1/3/2018 0:00,-76.54523325,3.312796932,1002.927063,6.937963963,Pasto cultivado enmalezado,Amenaza baja,Cono aluvial 2 rio Pance,0,66.0,103.0,114.0,445.0,503.0
8/10/2016 0:00,-76.56388681,3.411655951,984.0561523,11.05988693,Zonas urbanas continuas,Riesgo bajo,Formacion Volcanica,0,1.2,23.4,25.4,115.5,265.4
2/6/2019 0:00,-76.55261171,3.388050019,977.6377563,29.26873589,Otras superficies artificiales con construcción,Riesgo bajo,Cono aluvial rio Melendez,0,10.1,32.6,71.9,54.3,308.3
1/21/2016 0:00,-76.55520681,3.47263319,1186.78186,31.21404457,Zonas urbanas continuas,Riesgo bajo,Formacion Volcanica,0,0.0,2.0,10.7,27.5,194.4
1/12/2018 0:00,-76.56178535,3.359665728,1074.297241,13.7524519,Bosque mixto fragmentado con pastos y cultivos,Amenaza baja,Formacion Ferreira,3,55.9,174.4,273.4,496.2,641.3
2/28/2018 0:00,-76.55053865,3.321812269,1024.527344,16.12051964,Ríos,Amenaza baja,Cono aluvial 2 rio Pance,0,22.9,73.5,309.6,504.4,619.9
7/13/2018 0:00,-76.56896588,3.350238341,1207.314087,24.05542946,Vegetación secundaria o transición,Amenaza baja,Formacion Ferreira,0,2.4,9.9,23.3,208.2,353.9
1/14/2018 0:00,-76.55940448,3.319631756,1125.481201,9.575073242,Pasto cultivado arbolado,Amenaza baja,Formacion Jamundi,6,42.0,120.5,280.8,495.9,654.7
1/19/2017 0:00,-76.54375937,3.450063785,1008.431885,14.47581387,Zonas urbanas continuas,Riesgo bajo,Formacion Volcanica,0,9.6,55.1,108.8,174.3,256.1
1/8/2018 0:00,-76.55111496,3.354738044,1066.57605,3.015621424,Pasto cultivado arbolado,Amenaza baja,Cono aluvial 1 rio Pance,0,48.6,247.9,266.8,488.4,638.1
1/4/2018 0:00,-76.60001925,3.429644379,1729.407593,30.59772873,Bosque mixto denso alto de tierra firme,Amenaza baja,Lateritas Formacion Volcanica,6,129.0,222.0,245.0,431.0,644.0
1/17/2018 0:00,-76.56057834,3.346013038,1117.258301,32.99697876,Arbustal y matorral abierto bajo de tierra firme,Amenaza baja,Cono aluvial 2 rio Pance,0,47.0,116.1,303.7,518.3,679.6
8/1/2003 0:00,-76.55704816,3.441937953,1154.147583,36.52463913,Zonas urbanas discontinuas,Riesgo bajo,Formacion Volcanica,12,25.0,27.0,45.0,223.0,406.0
2/26/2020 0:00,-76.61426173,3.521254812,1910.642944,6.284516335,Pasto cultivado,Riesgo bajo,Lateritas Formacion Volcanica,0,79.2,85.4,114.0,241.8,302.2
2/5/2017 0:00,-76.54588113,3.438580116,996.7855835,23.88170433,Otras superficies artificiales sin construcción,Riesgo bajo,Formacion Volcanica,0,0.6,18.4,63.9,152.1,233.9
5/1/2018 0:00,-76.5562211,3.32943486,1044.850708,13.02233124,Pasto cultivado,Amenaza baja,Formacion Jamundi,0,24.6,103.0,136.7,247.1,477.9
2/5/2016 0:00,-76.59523234,3.375389784,1500.505249,13.16997337,Zonas urbanas discontinuas,Riesgo bajo,Lateritas Formacion Volcanica,0,0.6,26.6,36.0,65.2,138.4
1/8/2015 0:00,-76.54196753,3.440244817,1017.470947,13.60008812,Zonas urbanas continuas,Riesgo bajo,Formacion Volcanica,0,0.0,0.2,62.2,262.2,512.4
8/22/1993 0:00,-76.58526178,3.392126206,1270.673706,4.419974804,Vegetación secundaria o transición,Riesgo bajo,Lateritas Formacion Volcanica,0,5.0,10.1,13.1,95.1,197.1
2/9/2019 0:00,-76.55270507,3.390070835,973.3988037,9.958462715,Zonas urbanas continuas,Riesgo bajo,Cono aluvial rio Melendez,4,26.8,37.2,49.0,80.8,332.3
8/2/2016 0:00,-76.56960872,3.408660079,996.5200806,14.39875317,Bosque mixto denso bajo de tierra firme,Riesgo bajo,Formacion Volcanica,0,22.2,24.1,26.7,139.3,346.8
8/19/2018 0:00,-76.5616157,3.352528796,1128.252441,21.77400589,Pasto cultivado arbolado,Amenaza baja,Formacion Ferreira,0,3.9,8.8,30.0,53.9,247.2
8/7/2016 0:00,-76.57907075,3.410740381,1047.14502,17.4618721,Pasto cultivado,Riesgo bajo,Lateritas Formacion Volcanica,1,1.2,25.1,25.4,123.7,272.6
1/5/2016 0:00,-76.5377425,3.444607252,991.2512207,7.668447018,Zonas urbanas continuas,Riesgo bajo,Formacion Volcanica,2,7.8,8.6,14.8,54.0,91.5
8/24/2018 0:00,-76.57332814,3.35198815,1228.610352,41.85974121,Pasto cultivado,Amenaza baja,Formacion Ferreira,1,0.9,4.9,30.8,53.2,135.0
1/26/2015 0:00,-76.55677103,3.442270306,1141.054199,36.25120544,Zonas urbanas discontinuas,Riesgo bajo,Formacion Volcanica,0,16.4,93.4,93.6,171.0,445.4
2/20/2018 0:00,-76.5955297,3.341788887,1288.595215,41.48134232,Otras superficies artificiales con construcción,Riesgo bajo,Cono aluvial 2 rio Pance,0,89.0,133.6,154.0,464.2,607.4
1/5/2018 0:00,-76.5758268,3.310077421,1098.149658,27.02991486,Bosque mixto denso bajo de tierra firme,Amenaza baja,Formacion Jamundi,0,98.2,176.0,256.0,551.4,753.0
1/31/2016 0:00,-76.55069174,3.314028803,1007.788208,14.78355789,Pasto cultivado arbolado,Amenaza baja,Formacion Jamundi,0,30.0,32.0,51.0,58.0,192.3
2/23/2023 0:00,-76.56393857,3.306477403,1010.412231,10.90186024,Pasto cultivado,Amenaza baja,Formacion Jamundi,0,12.0,46.0,47.0,210.0,261.0
1/1/2003 0:00,-76.60481003,3.515321101,1690.444214,24.46246338,Pasto cultivado,Riesgo bajo,Lateritas Formacion Volcanica,0,9.0,37.0,147.0,242.0,453.0
2/1/2016 0:00,-76.55632292,3.385949759,989.3607788,8.260444641,Zonas urbanas continuas,Riesgo bajo,Lateritas Formacion Volcanica,0,2.3,13.1,29.3,39.4,205.0
2/21/2017 0:00,-76.55613464,3.326272013,1074.321167,11.50967598,Bosque mixto abierto bajo de tierra firme,Amenaza baja,Formacion Jamundi,0,11.9,56.9,71.1,223.9,350.3
1/18/2015 0:00,-76.5912437,3.412648201,1305.648315,9.960211754,Bosque mixto denso bajo de tierra firme,Riesgo bajo,Lateritas Formacion Volcanica,0,6.0,24.0,24.0,188.0,630.0
8/29/2018 0:00,-76.54837845,3.353312427,1044.550781,13.03767681,Bosque mixto fragmentado con pastos y cultivos,Amenaza baja,Cono aluvial 1 rio Pance,0,1.0,1.0,29.7,53.2,130.3
1/7/2023 0:00,-76.61010633,3.516126062,1779.751709,33.93012619,Pasto cultivado arbolado,Riesgo bajo,Lateritas Formacion Volcanica,0,0.0,70.2,77.8,278.2,499.4
1/9/2017 0:00,-76.60115715,3.444860678,1386.967896,18.28783607,Bosque mixto denso alto de tierra firme,Amenaza baja,Formacion Volcanica,3,74.0,111.0,198.0,428.0,579.0
1/30/2019 0:00,-76.55738061,3.414257973,978.4386597,13.12144184,Zonas urbanas continuas,Riesgo bajo,Depositos aluviales,0,0.0,10.7,42.9,99.2,247.7
2/14/2016 0:00,-76.55606088,3.386361914,985.0149536,11.15960884,Zonas urbanas continuas,Riesgo bajo,Lateritas Formacion Volcanica,0,0.0,2.3,13.2,39.2,111.7
1/28/2019 0:00,-76.5748718,3.408327368,1017.619995,14.80475903,Zonas urbanas continuas,Riesgo bajo,Formacion Volcanica,0,0.0,5.1,36.9,111.8,255.4
8/7/2017 0:00,-76.61542634,3.380941134,1641.373657,14.47931862,Misceláneo de cultivos y espacios naturales,Riesgo bajo,Formacion Volcanica,0,0.0,2.8,44.2,239.0,433.4
2/2/2017 0:00,-76.54521058,3.315731645,1003.26886,18.954813,Ríos,Amenaza baja,Cono aluvial 2 rio Pance,0,35.0,42.0,140.0,311.0,417.0
8/24/2018 0:00,-76.54627453,3.363480835,1012.471741,14.42041779,Bosque mixto denso bajo de tierra firme,Amenaza baja,Cono aluvial 1 rio Pance,1,0.9,4.9,30.8,53.2,135.0
1/12/2018 0:00,-76.56886181,3.300344691,1018.263611,49.86513519,Pasto cultivado arbolado,Amenaza baja,Formacion Jamundi,20,53.0,116.0,156.0,460.0,534.0
2/2/2016 0:00,-76.61298986,3.528949512,1940.115356,73.80082703,Pasto cultivado,Riesgo bajo,Formacion Volcanica,0,1.4,3.8,8.0,39.4,149.4
8/27/2018 0:00,-76.554209,3.359886087,1050.448364,10.89566135,Bosque mixto fragmentado con pastos y cultivos,Amenaza baja,Cono aluvial 1 rio Pance,0,1.0,4.9,30.3,53.2,135.1
2/15/2016 0:00,-76.60860143,3.522097057,1810.050293,46.94671631,Pasto cultivado arbolado,Riesgo bajo,Lateritas Formacion Volcanica,0,1.6,2.4,6.2,23.0,119.2
1/12/2019 0:00,-76.55279826,3.343698639,1100.737061,11.32210255,Bosque de guadua,Amenaza baja,Cono aluvial 2 rio Pance,0,24.5,34.0,226.2,366.1,472.5
1/11/2019 0:00,-76.56558125,3.335927003,1131.280273,27.80568504,Arbustal y matorral abierto bajo de tierra firme,Amenaza baja,Formacion Jamundi,0,24.5,24.5,218.3,366.2,472.5
1/5/2016 0:00,-76.55170339,3.430975679,1058.733154,28.83691978,Pasto cultivado enmalezado,Riesgo bajo,Formacion Volcanica,2,7.8,8.6,14.8,54.0,91.5
1/18/2018 0:00,-76.57464588,3.448980904,1097.686646,9.368485451,Pasto cultivado,Amenaza baja,Formacion Volcanica,0,35.4,38.6,184.0,259.6,535.4
1/4/2017 0:00,-76.55152837,3.387737621,976.8043823,7.293067932,Zonas urbanas continuas,Riesgo bajo,Cono aluvial rio Melendez,0,30.9,50.7,123.8,219.3,331.5
1/24/2018 0:00,-76.55503609,3.389446229,976.5458984,2.758006096,Zonas urbanas continuas,Riesgo bajo,Cono aluvial rio Melendez,0,1.3,45.4,215.3,394.0,536.5
1/11/2019 0:00,-76.55358564,3.322134304,1027.085571,19.95045853,Arbustal y matorral abierto bajo de tierra firme,Amenaza baja,Formacion Jamundi,0,24.5,24.5,218.3,366.2,472.5
1/31/2015 0:00,-76.53278929,3.461291024,984.7529907,4.620991707,Zonas urbanas continuas,Riesgo bajo,Conos aluviales,0,0.0,0.0,0.0,17.4,44.0
1/14/2003 0:00,-76.60580079,3.490205375,1647.767334,25.49999237,Zonas urbanas continuas,Riesgo bajo,Lateritas Formacion Volcanica,0,0.0,0.0,68.0,182.0,381.0
8/24/2017 0:00,-76.55361405,3.327366184,1036.990967,7.118861198,Pasto cultivado arbolado,Amenaza baja,Formacion Jamundi,1,22.5,80.6,80.6,154.8,262.2
1/1/2003 0:00,-76.55645532,3.307042979,997.4215698,9.74136734,Pasto cultivado enmalezado,Amenaza baja,Formacion Jamundi,0,8.0,17.0,162.0,244.0,499.0
2/27/2018 0:00,-76.61157135,3.531663593,1975.087036,41.42612457,Pasto cultivado,Riesgo bajo,Formacion Volcanica,0,8.6,27.0,27.0,55.2,150.0
1/19/2016 0:00,-76.55487077,3.430642662,1121.72583,27.09260368,Vegetación secundaria o transición,Amenaza baja,Formacion Volcanica,0,0.0,22.0,22.0,58.0,204.0
2/24/2013 0:00,-76.59688262,3.340979647,1300.178345,5.819188595,Otras superficies artificiales con construcción,Riesgo bajo,Derrubios,1,39.2,86.2,183.4,231.6,449.2
1/8/2020 0:00,-76.57239743,3.318338275,1169.328491,16.88601875,Pasto cultivado enmalezado,Amenaza baja,Formacion Jamundi,0,0.0,156.4,307.2,601.0,646.4
3/5/2017 0:00,-76.55730147,3.322764463,1072.46582,19.99803352,Pasto cultivado,Amenaza baja,Formacion Jamundi,2,48.5,57.0,110.3,240.1,370.4
1/26/2018 0:00,-76.54932563,3.316802037,1013.433044,19.73988914,Pasto cultivado arbolado,Amenaza baja,Cono aluvial 2 rio Pance,0,6.0,58.0,157.0,236.0,572.0
2/7/2018 0:00,-76.55369883,3.374270845,1039.493896,13.04127598,Zonas urbanas continuas,Riesgo bajo,Lateritas Formacion Volcanica,0,32.9,47.3,110.6,381.3,494.2
2/9/2018 0:00,-76.55691272,3.411526056,977.5150757,6.26645422,Zonas urbanas continuas,Riesgo bajo,Depositos aluviales,0,2.6,49.2,87.8,242.6,326.6
2/17/2019 0:00,-76.5496602,3.45081465,1054.747803,17.7989006,Zonas urbanas continuas,Riesgo bajo,Formacion Volcanica,0,39.2,56.0,111.3,195.9,540.6
2/25/2019 0:00,-76.5683381,3.368238656,1102.639771,46.22639847,Zonas urbanas discontinuas,Riesgo bajo,Formacion Guachinte,0,31.6,86.8,133.6,334.4,499.0
2/7/2016 0:00,-76.5593546,3.453125534,1150.274658,24.69631958,Zonas urbanas continuas,Riesgo bajo,Formacion Volcanica,0,0.5,7.1,37.7,56.8,137.5
1/28/2016 0:00,-76.55507046,3.313255655,1064.966064,33.6162262,Pasto cultivado,Amenaza baja,Formacion Jamundi,0,2.0,32.0,55.0,28.0,234.3
5/29/2017 0:00,-76.56389755,3.368695111,1067.862915,27.10965919,Zonas urbanas discontinuas,Riesgo bajo,Lateritas Formacion Volcanica,0,1.2,56.6,262.2,484.8,706.8
5/20/2016 0:00,-76.57143223,3.309315631,1094.26001,6.395744801,Pasto cultivado arbolado,Amenaza baja,Formacion Jamundi,0,7.8,63.2,253.0,400.8,669.2
8/19/2018 0:00,-76.55581053,3.408871462,975.4558105,9.951165199,Zonas urbanas continuas,Riesgo bajo,Cono aluvial rio Melendez,0,2.0,2.6,24.8,66.7,196.8
5/14/2015 0:00,-76.60912314,3.433019971,1656.984497,28.73433495,Misceláneo de pastos y cultivos,Riesgo bajo,Lateritas Formacion Volcanica,9,19.8,120.4,302.6,505.8,628.8
8/27/1993 0:00,-76.57608722,3.395442766,1257.286743,13.98326778,Pasto cultivado,Riesgo bajo,Lateritas Formacion Volcanica,3,27.0,32.0,37.1,109.1,145.1
5/8/2018 0:00,-76.57569691,3.393872616,1271.620117,29.46711731,Pasto cultivado,Riesgo bajo,Lateritas Formacion Volcanica,10,53.0,119.0,265.0,478.0,557.0
5/31/2017 0:00,-76.55750065,3.336240497,1079.523193,35.66748047,Bosque mixto fragmentado con vegetación natural,Amenaza baja,Formacion Jamundi,0,1.3,10.5,230.7,471.1,690.3
5/25/2016 0:00,-76.58929642,3.408973195,1251.703491,16.0185318,Misceláneo de cultivos y espacios naturales,Riesgo bajo,Lateritas Formacion Volcanica,0,2.0,63.0,319.0,645.0,869.0
5/17/2017 0:00,-76.55943414,3.331109852,1056.328735,8.801847458,Bosque mixto abierto alto de tierra firme,Amenaza baja,Formacion Jamundi,0,88.4,220.1,334.1,562.8,729.9
5/12/2016 0:00,-76.60557342,3.489269332,1645.908081,22.26234627,Pasto cultivado arbolado,Riesgo bajo,Lateritas Formacion Volcanica,0,53.4,71.0,103.8,275.8,378.8
5/18/2012 0:00,-76.53146208,3.471435804,987.7271118,25.7742939,Zonas urbanas continuas,Riesgo bajo,Formacion Guachinte,0,0.0,67.0,207.0,367.0,402.0
5/20/2017 0:00,-76.5512939,3.356433062,1062.026245,9.081903458,Bosque mixto fragmentado con pastos y cultivos,Amenaza baja,Cono aluvial 1 rio Pance,0,48.1,163.4,304.6,533.0,722.6
5/6/2012 0:00,-76.56865334,3.308278298,1077.38623,6.693911552,Pasto cultivado arbolado,Amenaza baja,Formacion Jamundi,2,55.0,106.0,268.0,426.0,682.0
5/25/2016 0:00,-76.55654762,3.294239193,1017.993591,15.59278393,Pasto cultivado,Amenaza baja,Formacion Jamundi,1,35.0,38.0,225.0,405.0,618.0
2/7/2017 0:00,-76.570212,3.370553908,1088.329102,11.07740211,Vegetación secundaria o transición,Riesgo bajo,Formacion Guachinte,0,0.9,14.2,64.7,222.4,0.0
3/15/2013 0:00,-76.57294769,3.308391765,1078.043335,8.636368752,Pasto cultivado arbolado,Amenaza baja,Formacion Jamundi,7,112.8,125.8,215.2,374.0,430.0
2/27/2019 0:00,-76.55820083,3.36230747,1041.484009,6.249706745,Zonas urbanas discontinuas,Riesgo bajo,Cono aluvial 1 rio Pance,4,40.3,87.4,137.5,358.4,533.8
5/7/2015 0:00,-76.55754464,3.315776409,1106.887817,33.56287766,Pasto cultivado arbolado,Amenaza baja,Formacion Jamundi,0,24.0,24.0,265.0,541.0,687.0
2/17/2019 0:00,-76.55485253,3.416890487,976.8823853,1.231034875,Zonas urbanas continuas,Riesgo bajo,Cono aluvial rio Melendez,0,47.7,105.0,130.0,155.2,311.2
1/31/2018 0:00,-76.61628906,3.439165705,1646.212402,15.55436039,Zonas urbanas continuas,Riesgo bajo,Lateritas Formacion Volcanica,0,0.0,27.0,86.6,268.6,436.4
5/8/2015 0:00,-76.52815392,3.488869852,1002.20575,6.230312824,Zonas urbanas continuas,Riesgo bajo,Formacion Guachinte,0,82.0,89.0,201.0,302.0,377.0
5/16/2017 0:00,-76.55015292,3.431974603,1062.686646,3.882275581,Otras superficies artificiales sin construcción,Riesgo bajo,Formacion Volcanica,1,42.6,89.3,167.0,240.4,283.8
1/4/2018 0:00,-76.56628854,3.32403815,1171.020264,5.274658203,Pasto cultivado enmalezado,Amenaza baja,Formacion Jamundi,1,105.5,203.4,231.2,489.1,641.1
1/5/2018 0:00,-76.55629131,3.365436477,1074.32019,27.4009304,Bosque mixto fragmentado con pastos y cultivos,Amenaza baja,Lateritas Formacion Volcanica,0,94.8,214.9,240.7,485.0,640.5
5/8/2013 0:00,-76.55385398,3.476067747,1175.972168,32.36522293,Zonas urbanas continuas,Riesgo bajo,Formacion Volcanica,0,44.0,92.0,183.0,237.0,285.0
1/5/2018 0:00,-76.55176654,3.369417601,1083.828613,18.93263054,Pasto cultivado enmalezado,Amenaza baja,Lateritas Formacion Volcanica,0,94.8,214.9,240.7,485.0,640.5
5/13/2016 0:00,-76.60664749,3.482543572,1692.452515,19.33083153,Zonas urbanas continuas,Riesgo bajo,Lateritas Formacion Volcanica,1,45.0,75.2,107.0,273.0,378.8
5/6/2018 0:00,-76.60549781,3.489295615,1644.266846,22.83409691,Pasto cultivado arbolado,Riesgo bajo,Lateritas Formacion Volcanica,0,0.2,32.8,98.4,181.0,222.8
5/18/2017 0:00,-76.55918551,3.340096348,1152.172485,18.18244934,Helechal,Amenaza baja,Formacion Jamundi,0,57.7,210.4,314.1,541.5,722.4
5/20/2017 0:00,-76.54650388,3.356328968,1034.692505,7.757536411,Zonas urbanas continuas,Riesgo bajo,Cono aluvial 1 rio Pance,0,48.1,163.4,304.6,533.0,722.6
5/5/2018 0:00,-76.60673163,3.498252756,1636.703613,24.83427238,Bosque mixto denso alto de tierra firme,Riesgo bajo,Lateritas Formacion Volcanica,0,20.0,32.8,98.8,194.2,222.8
5/12/2019 0:00,-76.60496725,3.371027317,1720.53894,50.29825592,Bosque mixto denso alto de tierra firme,Amenaza baja,Formacion Volcanica,0,29.6,41.6,147.2,327.4,406.8
2/25/2017 0:00,-76.57080615,3.340258727,1193.264893,10.30497646,Pasto cultivado arbolado,Amenaza baja,Formacion Jamundi,4,8.2,59.3,74.9,212.3,343.9
5/10/2015 0:00,-76.57118308,3.317031251,1174.655396,54.9305954,Pasto cultivado enmalezado,Amenaza baja,Formacion Jamundi,0,4.2,39.0,216.2,547.4,646.6
5/11/2018 0:00,-76.55964123,3.353898112,1108.37793,5.722303391,Bosque mixto fragmentado con pastos y cultivos,Amenaza baja,Formacion Ferreira,0,113.1,137.6,227.3,291.3,563.2
5/22/2019 0:00,-76.56965788,3.456478847,1083.759521,11.35223293,Zonas urbanas continuas,Riesgo bajo,Formacion Volcanica,2,27.6,95.2,95.2,395.8,450.8
8/30/2018 0:00,-76.56687273,3.365344803,1061.876465,23.10965157,Pasto cultivado enmalezado,Amenaza baja,Formacion Ferreira,0,1.0,4.2,32.9,53.2,130.1
5/28/2018 0:00,-76.56071235,3.371753816,1065.332153,32.67051697,Bosque mixto denso alto de tierra firme,Amenaza baja,Lateritas Formacion Volcanica,2,42.5,154.4,244.4,300.9,602.3
5/14/2003 0:00,-76.54770816,3.441986989,1029.955933,11.42929649,Zonas urbanas continuas,Riesgo bajo,Formacion Volcanica,0,77.0,82.0,239.0,408.0,507.0
5/3/2015 0:00,-76.5486601,3.320325352,1015.538818,10.92916393,Ríos,Amenaza baja,Cono aluvial 2 rio Pance,6,14.0,71.0,307.0,538.0,687.0
7/16/2018 0:00,-76.6244596,3.468331185,1713.50647,19.3098259,Zonas urbanas discontinuas,Riesgo bajo,Formacion Volcanica,0,4.8,44.0,63.0,357.4,502.6
7/17/2018 0:00,-76.61153517,3.473406751,1603.14563,26.55098724,Zonas urbanas discontinuas,Riesgo bajo,Formacion Volcanica,0,4.8,44.0,62.4,356.8,502.2
7/25/2016 0:00,-76.54744431,3.318286411,1012.49292,3.488126755,Pasto cultivado arbolado,Amenaza baja,Cono aluvial 2 rio Pance,0,13.0,25.0,61.0,160.0,368.0
7/22/2019 0:00,-76.55796201,3.295478895,1004.905029,29.22118759,Bosque mixto abierto bajo de tierra firme,Amenaza baja,Formacion Jamundi,0,8.0,9.0,96.0,234.0,410.6
7/18/2019 0:00,-76.5663577,3.364565923,1059.622437,0.984309137,Bosque mixto fragmentado con pastos y cultivos,Amenaza baja,Formacion Ferreira,0,10.5,22.8,116.3,333.6,475.6
7/27/2006 0:00,-76.54610089,3.313561109,1005.150208,6.622712612,Pasto cultivado arbolado,Amenaza baja,Cono aluvial 2 rio Pance,5,54.0,54.0,67.0,250.0,413.0
7/28/2004 0:00,-76.59321885,3.374902071,1445.801025,23.76449966,Bosque mixto fragmentado con pastos y cultivos,Riesgo bajo,Lateritas Formacion Volcanica,0,62.0,79.0,133.0,175.0,479.0
7/25/2018 0:00,-76.56008189,3.329410472,1066.048828,11.22767544,Arbustal y matorral denso alto de tierra firme,Amenaza baja,Formacion Jamundi,0,16.6,21.2,42.9,98.3,337.1
7/10/2015 0:00,-76.55430983,3.432978501,1123.33252,21.8969059,Vegetación secundaria o transición,Amenaza baja,Formacion Volcanica,0,4.0,4.0,4.0,55.2,241.0
7/30/2017 0:00,-76.55181357,3.337735243,1068.793579,15.21018791,Otras superficies artificiales con construcción,Amenaza baja,Cono aluvial 2 rio Pance,0,0.0,47.1,53.9,181.4,412.1
7/5/2017 0:00,-76.56667702,3.323203336,1173.279907,14.10933781,Pasto cultivado enmalezado,Amenaza baja,Formacion Jamundi,0,7.2,23.1,128.3,292.7,599.4
7/22/2018 0:00,-76.55241561,3.391198824,972.6126099,7.634084225,Zonas urbanas continuas,Riesgo bajo,Cono aluvial rio Melendez,0,0.0,51.4,96.0,167.1,308.4
7/13/2018 0:00,-76.56297322,3.34379192,1161.345825,6.662359238,Bosque mixto denso alto de tierra firme,Amenaza baja,Formacion Jamundi,0,2.4,9.9,23.3,208.2,353.9
7/3/2018 0:00,-76.57034132,3.388050833,1196.772949,31.15164566,Vegetación secundaria o transición,Riesgo bajo,Lateritas Formacion Volcanica,0,43.9,44.6,85.2,252.3,399.3
7/26/2018 0:00,-76.56167817,3.353526328,1140.805542,20.03101158,Pasto cultivado arbolado,Amenaza baja,Formacion Ferreira,4,20.5,26.1,47.8,81.6,322.4
7/22/2006 0:00,-76.5994854,3.357271601,1488.616699,10.58029461,Bosque mixto abierto alto de tierra firme,Amenaza baja,Lateritas Formacion Volcanica,0,0.0,0.0,0.0,256.0,621.0
7/5/2016 0:00,-76.60744309,3.491092744,1667.979858,35.77548218,Zonas urbanas continuas,Riesgo bajo,Lateritas Formacion Volcanica,3,69.8,203.0,236.8,373.2,466.0
7/9/2017 0:00,-76.56318346,3.341663093,1178.929321,11.16884995,Bosque mixto denso alto de tierra firme,Amenaza baja,Formacion Jamundi,0,0.8,22.0,112.5,227.2,522.6
7/21/2016 0:00,-76.56347799,3.305735784,1010.32843,10.78195381,Pasto cultivado,Amenaza baja,Formacion Jamundi,0,6.0,16.0,65.0,181.0,449.0
7/6/2016 0:00,-76.59074938,3.347083724,1246.129028,24.03407097,Otras superficies artificiales con construcción,Riesgo bajo,Derrubios,0,17.6,18.6,79.0,294.4,556.8
7/22/2018 0:00,-76.58603501,3.526219451,2098.276855,76.80604553,Zonas urbanas discontinuas,Riesgo bajo,Lateritas Formacion Volcanica,0,6.6,27.0,30.8,276.0,350.2
7/28/2018 0:00,-76.55537043,3.388021807,979.8973999,9.422034264,Zonas urbanas continuas,Riesgo bajo,Lateritas Formacion Volcanica,0,31.2,47.0,97.2,152.6,330.9
7/12/2018 0:00,-76.55720736,3.395080173,979.9776611,1.505561113,Zonas urbanas continuas,Riesgo bajo,Cono aluvial rio Melendez,0,28.4,56.5,79.1,197.2,340.3
7/20/2005 0:00,-76.56942175,3.299658512,996.9848633,17.28817558,Arbustal y matorral denso alto de tierra firme,Amenaza baja,Formacion Jamundi,0,0.0,44.0,78.0,128.0,295.0
7/25/2018 0:00,-76.55612303,3.358087795,1059.789795,9.321334839,Pasto cultivado arbolado,Amenaza baja,Cono aluvial 1 rio Pance,0,16.6,21.2,42.9,98.3,337.1
7/10/2019 0:00,-76.56394336,3.374855289,1113.822266,14.91334724,Vegetación secundaria o transición,Riesgo bajo,Formacion Guachinte,0,6.1,42.4,65.6,256.4,415.5
7/21/2018 0:00,-76.55178281,3.358231823,1060.675903,18.85739517,Pasto cultivado arbolado,Amenaza baja,Cono aluvial 1 rio Pance,1,1.1,3.7,23.5,100.6,326.8
7/19/2016 0:00,-76.55460427,3.307603722,1008.902954,11.46632671,Arbustal y matorral denso bajo de tierra firme,Amenaza baja,Cono aluvial 2 rio Pance,0,6.0,6.0,55.0,181.0,452.0
7/19/2018 0:00,-76.55023987,3.359385733,1058.258057,16.14460564,Bosque mixto fragmentado con pastos y cultivos,Amenaza baja,Cono aluvial 1 rio Pance,0,0.7,3.1,22.9,104.8,332.1
7/10/2018 0:00,-76.55613378,3.407973995,980.5767212,20.47709465,Zonas urbanas continuas,Riesgo bajo,Formacion Guachinte,11,11.2,39.4,43.9,175.5,323.0
7/1/2016 0:00,-76.61838491,3.327158203,1418.886963,74.3428421,Otras superficies artificiales con construcción,Riesgo bajo,Stock de Pance – Gabro hornblendico,1,6.6,56.2,149.8,279.4,554.8
7/31/2019 0:00,-76.56718013,3.318952,1162.411255,3.305543661,Arbustal y matorral abierto alto de tierra firme,Amenaza baja,Formacion Jamundi,0,26.1,31.6,79.7,309.2,453.9
7/10/2013 0:00,-76.58946944,3.437713364,1414.847168,25.64283943,Pasto cultivado arbolado,Riesgo bajo,Lateritas Formacion Volcanica,0,25.0,31.0,82.0,308.0,563.0
7/20/2003 0:00,-76.57879783,3.425896361,1397.077759,45.97906876,Zonas urbanas continuas,Riesgo bajo,Lateritas Formacion Volcanica,0,25.0,33.0,46.0,309.0,598.0
7/23/2015 0:00,-76.54978597,3.446219943,1081.565552,14.82753468,Vegetación secundaria o transición,Riesgo bajo,Formacion Volcanica,0,34.0,35.0,38.0,64.6,155.6
7/30/2019 0:00,-76.5540133,3.359092791,1060.763184,25.7235527,Pasto cultivado arbolado,Amenaza baja,Cono aluvial 1 rio Pance,0,26.1,31.6,79.7,332.6,457.4
7/8/2020 0:00,-76.57094359,3.382573485,1176.40271,21.14590836,Zonas urbanas discontinuas,Riesgo bajo,Lateritas Formacion Volcanica,0,21.8,44.1,106.1,252.4,348.1
7/30/2005 0:00,-76.60593685,3.490645471,1647.789917,1.930218697,Zonas urbanas continuas,Riesgo bajo,Lateritas Formacion Volcanica,3,3.0,14.0,51.0,119.0,321.0
7/17/2016 0:00,-76.5561285,3.308653826,999.4441528,4.175437927,Bosque mixto denso bajo de tierra firme,Amenaza baja,Formacion Jamundi,0,0.0,18.0,63.0,176.0,446.0
7/19/2017 0:00,-76.63072011,3.467939673,1726.195313,34.31271362,Zonas urbanas continuas,Riesgo bajo,Formacion Volcanica,15,40.6,51.4,147.4,231.8,458.2
8/14/2006 0:00,-76.55431584,3.310135194,1043.776978,8.848095894,Pasto cultivado enmalezado,Amenaza baja,Formacion Jamundi,0,0.0,4.0,58.0,68.0,315.0
8/19/2018 0:00,-76.55797349,3.368549925,1037.227539,14.1094799,Misceláneo de cultivos y espacios naturales,Amenaza baja,Cono aluvial 1 rio Pance,0,3.9,8.8,30.0,53.9,247.2
8/22/2016 0:00,-76.56908682,3.398297951,1197.104248,22.45061493,Zonas urbanas discontinuas,Riesgo bajo,Lateritas Formacion Volcanica,0,0.0,0.0,25.1,37.3,228.0
9/20/2015 0:00,-76.54206009,3.438775008,999.5701904,35.12570953,Zonas urbanas continuas,Riesgo bajo,Formacion Volcanica,0,0.6,2.0,2.7,25.1,62.7
9/19/2018 0:00,-76.56664001,3.332254243,1147.813477,35.50212479,Helechal,Amenaza baja,Formacion Jamundi,0,46.5,46.5,50.8,80.8,104.7
8/1/2016 0:00,-76.56257091,3.411515087,978.6077881,5.929447651,Otras superficies artificiales sin construcción,Amenaza baja,Formacion Volcanica,0,22.2,24.1,26.7,172.3,346.8
8/11/2014 0:00,-76.54019503,3.442753944,995.7229614,9.25279808,Zonas urbanas continuas,Riesgo bajo,Formacion Volcanica,0,14.2,19.4,69.0,169.6,385.2
8/2/2019 0:00,-76.55325786,3.353751765,1076.765991,18.67356682,Pasto cultivado arbolado,Amenaza baja,Cono aluvial 1 rio Pance,0,0.1,31.6,54.4,292.1,450.1
8/2/2016 0:00,-76.6174864,3.438767531,1654.293213,4.839818478,Zonas urbanas continuas,Riesgo bajo,Lateritas Formacion Volcanica,0,28.6,31.4,51.8,184.4,466.0
8/27/2015 0:00,-76.56251659,3.451576693,1132.450928,27.84732246,Zonas urbanas continuas,Riesgo bajo,Formacion Volcanica,0,0.2,14.2,26.4,62.4,77.8
9/30/2018 0:00,-76.56894541,3.333189261,1148.419189,28.73257828,Arbustal y matorral abierto bajo de tierra firme,Amenaza baja,Formacion Jamundi,2,5.2,6.6,51.8,71.7,108.2
8/14/2018 0:00,-76.55742108,3.370534693,1062.715698,10.22785187,Bosque mixto fragmentado con pastos y cultivos,Amenaza baja,Lateritas Formacion Volcanica,2,3.9,28.7,32.4,78.8,259.1
8/4/2019 0:00,-76.6185847,3.509245293,1889.014282,15.15664768,Pasto cultivado arbolado,Riesgo bajo,Lateritas Formacion Volcanica,1,11.6,18.6,32.4,137.6,289.6
8/21/2013 0:00,-76.55696732,3.47701013,1184.547241,27.58821106,Zonas urbanas continuas,Riesgo bajo,Formacion Volcanica,0,0.0,47.0,47.0,99.0,170.0
8/12/2018 0:00,-76.56739436,3.321241862,1174.192871,25.31579781,Pasto cultivado enmalezado,Amenaza baja,Formacion Jamundi,0,0.0,27.3,30.4,76.4,267.8
9/11/2019 0:00,-76.56810111,3.379471544,1158.298706,9.412157059,Zonas urbanas discontinuas,Riesgo bajo,Lateritas Formacion Volcanica,1,1.2,12.1,14.6,51.8,115.7
9/21/2014 0:00,-76.56178372,3.314544487,1067.65564,13.21183777,Bosque mixto denso bajo de tierra firme,Amenaza baja,Formacion Jamundi,1,22.0,24.0,39.0,45.0,88.0
8/11/2018 0:00,-76.56947876,3.411265082,998.8848877,15.79623604,Zonas urbanas discontinuas,Riesgo bajo,Lateritas Formacion Volcanica,0,0.6,21.7,34.0,86.4,225.1
8/12/2018 0:00,-76.57565372,3.406481734,1041.108154,48.332901,Zonas urbanas continuas,Riesgo bajo,Formacion Volcanica,0,0.1,23.0,35.3,85.4,224.5
8/2/2014 0:00,-76.5579123,3.316281756,1098.094482,16.83687592,Pasto cultivado arbolado,Amenaza baja,Formacion Jamundi,0,0.0,6.0,7.0,77.0,262.0
8/11/2018 0:00,-76.56171123,3.365320716,1053.939453,12.8718977,Zonas urbanas discontinuas,Riesgo bajo,Cono aluvial 1 rio Pance,0,4.9,25.8,28.5,76.8,267.8
9/6/2019 0:00,-76.55780392,3.391745416,979.0475464,10.77940559,Zonas urbanas continuas,Riesgo bajo,Lateritas Formacion Volcanica,0,0.0,0.0,3.3,54.0,121.8
8/29/2019 0:00,-76.55794102,3.411591845,978.7866211,3.90370369,Zonas urbanas continuas,Riesgo bajo,Depositos aluviales,0,0.0,1.2,4.3,69.4,142.9
8/2/2019 0:00,-76.55315243,3.321968448,1023.52301,12.43942547,Arbustal y matorral abierto bajo de tierra firme,Amenaza baja,Formacion Jamundi,0,0.1,31.6,54.4,292.1,450.1
8/12/2014 0:00,-76.56377383,3.311886943,1066.242188,36.49390411,Pasto cultivado enmalezado,Amenaza baja,Formacion Jamundi,0,4.0,4.0,10.0,49.0,120.0
8/14/2016 0:00,-76.57217284,3.425125217,1248.960449,27.71334839,Vegetación secundaria o transición,Riesgo bajo,Lateritas Formacion Volcanica,0,0.0,0.0,29.0,44.0,222.0
8/7/2020 0:00,-76.5406592,3.445713363,1021.697815,25.47702599,Zonas urbanas continuas,Riesgo bajo,Formacion Volcanica,0,0.0,21.0,45.6,181.8,495.2
8/5/2016 0:00,-76.56708583,3.306605508,1019.617249,7.446995735,Arbustal y matorral abierto bajo de tierra firme,Amenaza baja,Formacion Jamundi,0,0.0,20.0,26.0,102.0,259.0
9/18/2016 0:00,-76.59431149,3.32129201,1519.602661,27.69261932,Pasto cultivado,Riesgo bajo,Formacion Guachinte,0,0.4,44.8,69.0,107.2,156.2
9/4/2018 0:00,-76.55619867,3.345165086,1110.321899,12.20032215,Bosque de guadua,Amenaza baja,Cono aluvial 2 rio Pance,0,3.3,4.3,8.2,44.2,93.4
9/4/2018 0:00,-76.56267196,3.355892446,1112.053223,14.38232422,Bosque mixto fragmentado con pastos y cultivos,Amenaza baja,Formacion Ferreira,0,3.3,4.3,8.2,44.2,93.4
8/20/2015 0:00,-76.54613274,3.448095758,1045.576538,12.03397751,Zonas urbanas continuas,Amenaza baja,Formacion Volcanica,0,7.4,20.6,24.2,60.0,91.6
8/5/2018 0:00,-76.61008435,3.477968013,1620.673828,18.9548378,Pasto cultivado,Riesgo bajo,Formacion Volcanica,0,50.4,109.8,118.0,243.0,501.2
8/14/2018 0:00,-76.55385131,3.33369466,1061.368774,7.117706299,Pasto cultivado,Amenaza baja,Formacion Jamundi,2,3.9,28.7,32.4,78.8,259.1
8/15/2019 0:00,-76.55811358,3.356171834,1074.577637,20.21354103,Zonas urbanas continuas,Riesgo bajo,Cono aluvial 1 rio Pance,0,0.0,0.0,31.6,147.9,380.9
8/31/2019 0:00,-76.55894891,3.395575422,990.6241455,33.74820709,Otras superficies artificiales sin construcción,Amenaza baja,Formacion Guachinte,0,0.0,2.5,3.9,57.1,146.3
8/10/2015 0:00,-76.5615536,3.428324314,1215.078613,31.43389893,Bosque mixto fragmentado con vegetación natural,Riesgo bajo,Lateritas Formacion Volcanica,0,7.0,27.0,36.0,36.0,68.0
8/15/2016 0:00,-76.56748666,3.31058708,1089.696411,28.97308731,Bosque mixto denso bajo de tierra firme,Amenaza baja,Formacion Jamundi,0,2.0,2.0,28.0,95.0,204.0
8/10/2016 0:00,-76.55634509,3.413852272,977.2761841,1.460784912,Zonas urbanas continuas,Riesgo bajo,Cono aluvial rio Melendez,0,1.2,23.4,25.4,115.5,265.4
8/7/2016 0:00,-76.57383389,3.412719087,1020.507141,26.32086754,Otras superficies artificiales con construcción,Riesgo bajo,Lateritas Formacion Volcanica,1,1.2,25.1,25.4,123.7,272.6
9/16/2015 0:00,-76.53879799,3.439006432,979.7841797,19.36191368,Zonas urbanas continuas,Riesgo bajo,Cono aluvial rio Melendez,0,0.0,2.0,2.7,58.1,62.1
9/1/2016 0:00,-76.54796942,3.448791186,1087.928711,23.75614548,Zonas urbanas continuas,Riesgo bajo,Formacion Volcanica,1,6.0,6.1,6.1,7.3,21.7
8/4/2019 0:00,-76.5454388,3.357477636,1012.72052,21.29816628,Zonas urbanas continuas,Riesgo bajo,Cono aluvial 1 rio Pance,0,0.0,31.6,54.3,282.2,437.4
8/11/2012 0:00,-76.61064921,3.509520625,1726.977905,6.469877243,Pasto cultivado arbolado,Riesgo bajo,Lateritas Formacion Volcanica,0,0.0,17.0,17.0,94.0,103.0
9/3/2016 0:00,-76.61775646,3.472180557,1735.423096,18.45457268,Otros cultivos arbustivos plantados abiertos,Riesgo bajo,Formacion Volcanica,0,15.6,27.6,28.0,128.4,247.6
9/9/2018 0:00,-76.56607976,3.336497892,1145.077148,17.46041298,Bosque mixto denso bajo de tierra firme,Amenaza baja,Formacion Jamundi,0,0.0,3.3,8.2,36.7,88.0
8/16/2016 0:00,-76.56594994,3.308252623,1040.025391,18.59772682,Bosque mixto abierto bajo de tierra firme,Amenaza baja,Formacion Jamundi,0,2.0,3.0,29.0,85.0,204.0
9/2/2019 0:00,-76.62693057,3.321722966,1540.066284,18.83633614,Otras superficies artificiales con construcción,Riesgo bajo,Stock de Pance – Tonalita hornblendica biotitica,0,0.1,0.1,5.8,91.5,247.7
9/20/2003 0:00,-76.60467404,3.483490836,1714.819214,14.39176178,Zonas urbanas continuas,Riesgo bajo,Formacion Volcanica,11,88.0,102.0,133.0,191.0,237.0
8/30/2019 0:00,-76.55414038,3.376593751,1032.593384,43.2796936,Zonas urbanas continuas,Riesgo bajo,Lateritas Formacion Volcanica,0,0.0,2.5,3.9,57.1,146.3
8/19/2016 0:00,-76.56605559,3.407295188,1015.724304,54.32753372,Zonas urbanas discontinuas,Riesgo bajo,Formacion Volcanica,0,0.0,1.2,25.3,38.9,232.8
8/3/2005 0:00,-76.56933383,3.305464479,1027.715698,25.13285637,Bosque mixto denso bajo de tierra firme,Amenaza baja,Formacion Jamundi,13,17.0,51.0,65.0,118.0,252.0
8/4/2019 0:00,-76.56038314,3.332196135,1095.114502,34.35593033,Bosque mixto abierto alto de tierra firme,Amenaza baja,Formacion Jamundi,0,0.0,31.6,54.3,282.2,437.4
8/12/2015 0:00,-76.6165532,3.473084928,1710.031738,20.21956444,Otros cultivos arbustivos plantados abiertos,Riesgo bajo,Formacion Volcanica,4,5.2,17.0,72.6,75.2,140.0
8/30/2018 0:00,-76.55713142,3.334126609,1113.99585,43.17988968,Bosque mixto abierto alto de tierra firme,Amenaza baja,Formacion Jamundi,0,1.0,4.2,32.9,53.2,130.1
9/16/2015 0:00,-76.54860723,3.498166514,1431.13208,61.8375473,Zonas urbanas continuas,Riesgo bajo,Lateritas Formacion Volcanica,1,1.0,53.0,53.0,43.0,59.0
8/9/2019 0:00,-76.59131196,3.381437583,1375.608398,24.2531414,Bosque mixto denso bajo de tierra firme,Amenaza baja,Lateritas Formacion Volcanica,0,0.4,1.2,33.0,157.8,487.8
8/14/2016 0:00,-76.54833154,3.308469929,997.682312,10.48108673,Pasto cultivado arbolado,Amenaza baja,Cono aluvial 2 rio Pance,0,2.0,2.0,28.0,95.0,204.0
8/20/2015 0:00,-76.58439635,3.389085582,1289.535889,14.71519279,Zonas urbanas discontinuas,Riesgo bajo,Lateritas Formacion Volcanica,0,4.0,4.0,33.0,36.0,71.0
8/18/2016 0:00,-76.57394837,3.405207869,1044.613892,27.37122154,Bosque mixto denso bajo de tierra firme,Amenaza baja,Lateritas Formacion Volcanica,0,0.0,1.2,25.3,61.4,232.8
9/7/2016 0:00,-76.55716333,3.414379089,975.9177856,5.017901897,Zonas urbanas continuas,Riesgo bajo,Cono aluvial rio Melendez,0,29.8,50.9,50.9,67.4,157.5
8/15/2019 0:00,-76.55579754,3.32313678,1064.613892,13.49347401,Bosque mixto abierto bajo de tierra firme,Amenaza baja,Formacion Jamundi,0,0.0,0.0,31.6,147.9,380.9
9/19/2015 0:00,-76.54269011,3.440571208,1016.380859,10.84612179,Zonas urbanas continuas,Riesgo bajo,Formacion Volcanica,0,0.6,2.0,2.7,26.9,62.7
8/24/2016 0:00,-76.5845471,3.411102881,1146.140625,24.37234688,Zonas urbanas discontinuas,Riesgo bajo,Lateritas Formacion Volcanica,0,0.0,0.0,5.0,35.0,307.0
9/26/2016 0:00,-76.57351331,3.31372683,1098.065552,5.118289471,Bosque mixto denso bajo de tierra firme,Amenaza baja,Formacion Jamundi,0,0.0,0.4,68.6,78.4,147.0
8/5/2005 0:00,-76.55228608,3.320639085,1022.48407,8.349160194,Bosque de guadua,Amenaza baja,Cono aluvial 2 rio Pance,0,17.0,17.0,61.0,118.0,248.0
10/1/2012 0:00,-76.58904191,3.531916545,2064.802734,34.31137466,Pasto cultivado arbolado,Riesgo bajo,Lateritas Formacion Volcanica,0,10.0,46.0,47.0,115.0,132.0
8/4/2018 0:00,-76.62264651,3.470096159,1749.367798,19.15121651,Zonas urbanas discontinuas,Riesgo bajo,Formacion Volcanica,10,53.0,109.8,118.0,242.8,502.4
9/22/2015 0:00,-76.55182302,3.313027283,1025.526733,13.40090847,Pasto cultivado,Amenaza baja,Formacion Jamundi,0,6.0,36.0,36.0,82.0,117.0
8/14/2016 0:00,-76.54536904,3.44334495,1008.166992,6.83160305,Zonas urbanas continuas,Riesgo bajo,Formacion Volcanica,0,0.0,0.4,0.5,8.8,20.2
9/24/2014 0:00,-76.5258627,3.48829635,978.6459351,31.40012169,Zonas urbanas continuas,Riesgo bajo,Conos aluviales,0,25.0,76.0,95.0,91.0,94.0
8/18/2018 0:00,-76.55951053,3.36729033,1077.251587,32.37542343,Zonas urbanas discontinuas,Riesgo bajo,Lateritas Formacion Volcanica,0,3.9,13.1,30.0,54.1,247.2
9/27/2018 0:00,-76.55335048,3.337971013,1067.897705,22.55916977,Bosque mixto fragmentado con vegetación natural,Amenaza baja,Cono aluvial 2 rio Pance,2,2.9,49.4,52.7,83.0,105.9
9/24/2019 0:00,-76.53435123,3.462303985,999.9649658,7.230886936,Zonas urbanas continuas,Riesgo bajo,Formacion Guachinte,0,69.8,96.8,96.8,92.2,105.8
9/15/2016 0:00,-76.57281247,3.306626777,1043.530151,6.756033421,Bosque mixto denso bajo de tierra firme,Amenaza baja,Formacion Jamundi,0,0.6,46.2,69.0,111.4,197.6
9/13/2005 0:00,-76.55733489,3.478460245,1207.986816,17.4318943,Zonas urbanas continuas,Riesgo bajo,Formacion Volcanica,0,0.0,16.0,60.0,92.0,142.0
8/1/2016 0:00,-76.57010561,3.399379822,1167.409058,28.36438751,Zonas urbanas discontinuas,Riesgo bajo,Formacion Volcanica,0,22.2,24.1,26.7,172.3,346.8
8/7/2019 0:00,-76.58450447,3.393663932,1312.049683,36.69968414,Zonas urbanas discontinuas,Riesgo bajo,Lateritas Formacion Volcanica,0,0.0,16.0,32.0,94.0,416.0
8/24/2018 0:00,-76.55165341,3.339738677,1083.33374,33.32062912,Otras superficies artificiales con construcción,Riesgo bajo,Cono aluvial 2 rio Pance,1,0.9,4.9,30.8,53.2,135.0
9/25/2019 0:00,-76.55136389,3.387957299,975.3961182,4.22939539,Otras superficies artificiales sin construcción,Riesgo bajo,Cono aluvial rio Melendez,3,13.3,114.0,114.0,117.9,207.1
8/24/2018 0:00,-76.56221266,3.338700538,1132.905884,39.89579773,Bosque mixto denso bajo de tierra firme,Amenaza baja,Formacion Jamundi,1,0.9,4.9,30.8,53.2,135.0
12/27/2016 0:00,-76.53335205,3.460278624,983.1756592,14.60468864,Zonas urbanas continuas,Riesgo bajo,Conos aluviales,0,0.0,0.0,0.0,119.7,119.7
8/3/2019 0:00,-76.5493279,3.450376324,1057.871826,8.79842186,Zonas urbanas continuas,Riesgo bajo,Formacion Volcanica,1,4.4,6.0,7.5,84.9,217.4
8/25/2017 0:00,-76.5565337,3.344576141,1104.144043,28.4318428,Bosque de guadua,Amenaza baja,Cono aluvial 2 rio Pance,0,20.7,56.8,86.7,141.5,262.2
12/1/2014 0:00,-76.54737722,3.445917597,1068.848633,40.45897675,Zonas urbanas discontinuas,Riesgo bajo,Formacion Volcanica,0,81.4,110.0,211.8,456.0,465.0
12/20/2013 0:00,-76.55472449,3.432920533,1132.631348,17.75127792,Vegetación secundaria o transición,Amenaza baja,Formacion Volcanica,0,7.0,59.0,105.0,252.0,423.0
12/9/2019 0:00,-76.55155961,3.377237659,998.37677,11.27419376,Zonas urbanas continuas,Riesgo bajo,Cono aluvial rio Melendez,0,6.9,36.3,71.4,238.5,367.8
12/27/2015 0:00,-76.56038716,3.310861469,1077.980835,21.00655937,Pasto cultivado enmalezado,Amenaza baja,Formacion Jamundi,0,0.0,3.0,3.0,272.3,486.3
8/21/2019 0:00,-76.56311605,3.414216835,994.2575073,14.19788361,Zonas urbanas continuas,Riesgo bajo,Formacion Guachinte,0,1.2,3.6,29.2,92.7,225.4
8/28/2016 0:00,-76.54359569,3.311643216,994.1732788,3.643045664,Arbustal y matorral abierto bajo de tierra firme,Amenaza baja,Cono aluvial 2 rio Pance,0,0.0,1.0,3.0,65.0,109.0
8/7/2017 0:00,-76.56441242,3.346931961,1137.155029,6.472352982,Pasto cultivado,Amenaza baja,Cono aluvial 2 rio Pance,0,0.0,0.0,53.1,165.7,290.7
12/6/2005 0:00,-76.55796792,3.308697274,1042.424561,16.26605988,Pasto cultivado enmalezado,Amenaza baja,Formacion Jamundi,0,37.0,37.0,145.0,275.0,330.0
12/15/2015 0:00,-76.58615349,3.499295684,1847.818115,22.40505791,Pasto cultivado,Riesgo bajo,Lateritas Formacion Volcanica,5,4.6,24.8,100.2,135.2,142.2
8/12/2019 0:00,-76.56390615,3.355986325,1119.911743,59.4994545,Bosque mixto fragmentado con pastos y cultivos,Amenaza baja,Formacion Ferreira,0,0.0,0.0,37.0,148.4,401.5
8/8/2019 0:00,-76.55845524,3.332583322,1101.572754,29.51818657,Bosque mixto abierto alto de tierra firme,Amenaza baja,Formacion Jamundi,0,0.0,26.1,42.1,208.5,427.6
2/15/2017 0:00,-76.5548254,3.359199079,1056.17041,10.8923645,Pasto cultivado arbolado,Amenaza baja,Cono aluvial 1 rio Pance,0,45.0,53.4,89.1,259.8,356.9
12/4/2016 0:00,-76.55812753,3.470064276,1128.931885,23.86010742,Zonas urbanas continuas,Riesgo bajo,Formacion Volcanica,1,20.5,71.5,159.4,349.1,462.2
12/2/2019 0:00,-76.56690617,3.309049168,1072.623535,22.79998398,Pasto cultivado enmalezado,Amenaza baja,Formacion Jamundi,7,16.0,113.0,174.0,301.0,408.0
12/20/2016 0:00,-76.54317283,3.442655025,997.8312378,6.72910881,Zonas urbanas continuas,Riesgo bajo,Formacion Volcanica,18,20.0,34.7,74.4,149.4,276.4
2/22/2017 0:00,-76.55821808,3.331349147,1072.255859,46.11437988,Bosque mixto abierto alto de tierra firme,Amenaza baja,Formacion Jamundi,0,11.9,57.0,71.2,208.8,349.1
3/15/2017 0:00,-76.55842322,3.362398445,1043.168091,9.084814072,Zonas urbanas discontinuas,Riesgo bajo,Cono aluvial 1 rio Pance,1,80.3,117.0,167.1,252.3,430.7
12/13/2016 0:00,-76.57115809,3.382073002,1198.076416,50.7545433,Bosque mixto denso bajo de tierra firme,Riesgo bajo,Lateritas Formacion Volcanica,0,16.3,42.4,102.8,188.5,294.2
12/28/2016 0:00,-76.5694015,3.399192916,1179.464233,25.10481262,Zonas urbanas discontinuas,Riesgo bajo,Formacion Volcanica,1,68.2,124.6,231.8,308.5,333.8
1/3/2019 0:00,-76.59098026,3.330804002,1324.638184,19.95822716,Arbustal y matorral abierto alto de tierra firme,Riesgo bajo,Formacion Jamundi,0,0.0,0.4,128.8,347.8,659.0
12/18/2015 0:00,-76.54856346,3.316282405,1011.331299,10.2058382,Pasto cultivado arbolado,Amenaza baja,Cono aluvial 2 rio Pance,1,3.0,3.0,46.0,350.3,499.3
12/15/2015 0:00,-76.56855709,3.311037444,1100.158203,29.0291214,Bosque mixto denso bajo de tierra firme,Amenaza baja,Formacion Jamundi,2,2.0,2.0,89.0,374.3,500.3
8/3/2016 0:00,-76.57079486,3.312691776,1132.690186,31.08509064,Bosque mixto denso bajo de tierra firme,Amenaza baja,Formacion Jamundi,0,0.2,28.8,51.8,178.6,340.8
12/11/2016 0:00,-76.55621197,3.292749725,1001.548401,18.41129494,Pasto cultivado,Amenaza baja,Formacion Jamundi,0,47.0,57.0,146.0,291.0,461.0
12/29/2016 0:00,-76.59957589,3.525279897,1735.019775,15.77875328,Bosque mixto denso alto de tierra firme,Riesgo bajo,Lateritas Formacion Volcanica,1,17.6,92.6,169.0,305.0,487.2
12/7/2019 0:00,-76.55410085,3.379253233,1041.842407,13.28306198,Otras superficies artificiales sin construcción,Amenaza baja,Lateritas Formacion Volcanica,3,20.3,35.8,70.6,251.9,365.9
12/9/2019 0:00,-76.55628517,3.393090304,973.2894287,3.669102669,Zonas urbanas continuas,Riesgo bajo,Cono aluvial rio Melendez,0,6.9,36.3,71.4,238.5,367.8
8/30/2016 0:00,-76.55607628,3.416037282,978.0981445,8.584516525,Zonas urbanas continuas,Riesgo bajo,Cono aluvial rio Melendez,0,0.2,12.2,13.4,28.6,173.7
8/1/2019 0:00,-76.57526531,3.347882045,1169.71106,9.114147186,Ríos,Amenaza baja,Cono aluvial 2 rio Pance,0,0.2,31.6,55.6,301.3,451.6
12/10/2016 0:00,-76.55011307,3.434718253,1043.167358,15.88753223,Vegetación secundaria o transición,Riesgo bajo,Formacion Volcanica,2,14.5,47.6,72.1,162.9,258.9
12/6/2019 0:00,-76.55643388,3.391226029,973.211731,12.89175129,Zonas urbanas continuas,Riesgo bajo,Cono aluvial rio Melendez,0,17.9,41.1,70.2,249.0,363.0
12/21/2017 0:00,-76.56511469,3.357660657,1062.531494,9.301513672,Bosque mixto fragmentado con pastos y cultivos,Amenaza baja,Formacion Ferreira,0,0.0,25.8,200.8,316.2,493.4
2/26/2017 0:00,-76.5642096,3.320827761,1167.014282,20.93723869,Pasto cultivado enmalezado,Amenaza baja,Formacion Jamundi,0,7.8,72.7,92.5,212.3,336.7
8/22/2018 0:00,-76.54715718,3.361629198,1015.00885,10.10603619,Bosque mixto denso bajo de tierra firme,Riesgo bajo,Cono aluvial 1 rio Pance,0,0.0,3.9,29.8,53.1,143.1
12/4/2018 0:00,-76.56003671,3.352086096,1112.95166,26.72960281,Otras superficies artificiales con construcción,Amenaza baja,Cono aluvial 1 rio Pance,0,69.1,205.0,275.1,326.7,377.5
12/31/2015 0:00,-76.56063237,3.300967047,1013.302002,43.15719986,Arbustal y matorral abierto bajo de tierra firme,Amenaza baja,Formacion Jamundi,0,0.0,5.0,7.0,137.3,464.3
7/19/2017 0:00,-76.55499252,3.325169485,1050.452026,12.34817886,Bosque mixto abierto bajo de tierra firme,Amenaza baja,Formacion Jamundi,6,53.0,53.1,112.0,191.6,488.0
8/14/2015 0:00,-76.53746611,3.447845867,1003.794495,7.771973133,Zonas urbanas continuas,Riesgo bajo,Formacion Volcanica,2,15.4,22.0,56.0,54.8,99.2
8/19/2018 0:00,-76.60896296,3.522212919,1814.615479,12.78972626,Pasto cultivado arbolado,Riesgo bajo,Lateritas Formacion Volcanica,0,2.4,2.4,75.8,91.0,348.6
9/22/2018 0:00,-76.55029278,3.331034234,1047.817993,3.381697178,Otras superficies artificiales con construcción,Amenaza baja,Cono aluvial 2 rio Pance,0,1.4,46.5,50.8,80.6,103.2
9/20/2018 0:00,-76.55626342,3.322902289,1075.406006,24.65237236,Pasto cultivado,Amenaza baja,Formacion Jamundi,0,32.7,46.5,50.8,80.8,103.9
9/19/2018 0:00,-76.56459205,3.343510669,1157.735596,7.161063671,Bosque mixto denso alto de tierra firme,Amenaza baja,Formacion Jamundi,0,46.5,46.5,50.8,80.8,104.7
10/1/2014 0:00,-76.58740649,3.394609284,1307.866089,27.47784424,Pasto cultivado enmalezado,Riesgo bajo,Lateritas Formacion Volcanica,0,0.0,94.0,101.0,118.0,118.0
8/11/2014 0:00,-76.6019106,3.36517684,1690.72937,14.36381626,Pino,Amenaza baja,Lateritas Formacion Volcanica,0,17.0,17.0,25.0,146.0,170.0
8/2/2004 0:00,-76.54376439,3.439332303,995.0872192,7.782928944,Zonas urbanas continuas,Riesgo bajo,Formacion Volcanica,0,6.0,30.0,53.0,111.0,223.0
8/5/2016 0:00,-76.57108931,3.412625731,1043.085571,13.9525795,Zonas urbanas discontinuas,Riesgo bajo,Lateritas Formacion Volcanica,0,0.0,24.1,24.2,137.9,326.9
8/27/2018 0:00,-76.5536601,3.367565837,1020.099487,10.19723606,Pasto cultivado,Amenaza baja,Cono aluvial 1 rio Pance,0,1.0,4.9,30.3,53.2,135.1
9/30/2018 0:00,-76.54093651,3.440231096,1004.852173,23.73952675,Zonas urbanas continuas,Riesgo bajo,Formacion Volcanica,0,0.1,0.2,0.6,5.6,7.9
9/14/2018 0:00,-76.62198077,3.488348867,1995.63269,67.04980469,Bosque mixto denso alto de tierra firme,Riesgo bajo,Formacion Volcanica,6,27.4,53.6,56.8,159.0,226.0
8/4/2017 0:00,-76.55441782,3.391553703,974.0512085,11.25243759,Zonas urbanas continuas,Riesgo bajo,Cono aluvial rio Melendez,0,0.1,0.1,23.7,137.8,271.7
8/21/2018 0:00,-76.62018575,3.493135777,1942.332642,28.91055298,Pasto cultivado arbolado,Riesgo bajo,Formacion Volcanica,0,1.8,2.4,70.6,91.0,346.6
8/12/2005 0:00,-76.5526408,3.447223934,1098.426392,21.27012825,Zonas urbanas continuas,Riesgo bajo,Formacion Volcanica,0,2.0,11.0,21.0,140.0,333.0
9/11/2008 0:00,-76.59678173,3.526316344,1798.404297,29.50045967,Pasto cultivado,Riesgo bajo,Lateritas Formacion Volcanica,0,0.0,31.0,76.0,143.0,262.0
9/21/2018 0:00,-76.55956758,3.365178444,1060.142578,40.16719055,Zonas urbanas discontinuas,Riesgo bajo,Lateritas Formacion Volcanica,0,7.7,46.5,50.8,80.6,103.9
8/11/2016 0:00,-76.59827839,3.373733249,1602.878174,26.36684799,Misceláneo de cultivos y espacios naturales,Amenaza baja,Formacion Guachinte,0,0.4,0.4,33.0,93.2,247.8
8/12/2016 0:00,-76.56289376,3.415114676,994.5440674,15.4314661,Zonas urbanas continuas,Riesgo bajo,Formacion Guachinte,0,1.2,1.3,25.4,76.7,249.4
8/2/2016 0:00,-76.56966558,3.406929647,1035.927246,68.7237854,Bosque mixto denso bajo de tierra firme,Riesgo bajo,Lateritas Formacion Volcanica,0,22.2,24.1,26.7,139.3,346.8
8/11/2015 0:00,-76.60899994,3.365709702,1769.608276,25.43001556,Bosque mixto abierto alto de tierra firme,Amenaza baja,Formacion Volcanica,0,1.4,32.6,41.8,69.4,145.4
9/6/2015 0:00,-76.54695173,3.443829667,1014.3479,24.16401672,Zonas urbanas continuas,Riesgo bajo,Formacion Volcanica,0,0.0,0.7,21.3,60.7,64.9
8/29/2018 0:00,-76.56535441,3.315695559,1136.439209,19.9131012,Arbustal y matorral abierto alto de tierra firme,Amenaza baja,Formacion Jamundi,0,1.0,1.0,29.7,53.2,130.3
8/2/2016 0:00,-76.55615869,3.438449836,1189.263794,27.96790314,Zonas urbanas discontinuas,Riesgo bajo,Formacion Volcanica,0,0.4,0.5,1.2,10.1,28.7
8/12/2014 0:00,-76.56843515,3.312023942,1096.2948,21.51670837,Bosque mixto denso bajo de tierra firme,Amenaza baja,Formacion Jamundi,0,4.0,4.0,10.0,49.0,120.0
8/14/2016 0:00,-76.56295111,3.412173907,981.8302612,3.050461769,Bosque mixto denso alto de tierra firme,Amenaza baja,Formacion Volcanica,0,0.0,1.2,25.3,76.7,249.4
8/7/2020 0:00,-76.57449012,3.448895661,1098.792969,49.38295364,Pasto cultivado,Amenaza baja,Formacion Volcanica,0,0.0,0.0,22.8,76.8,182.0
9/5/2016 0:00,-76.57548649,3.381673699,1207.059204,14.45394611,Bosque mixto denso bajo de tierra firme,Riesgo bajo,Lateritas Formacion Volcanica,0,20.0,37.0,37.0,47.0,182.0
8/18/2016 0:00,-76.54808365,3.448690904,1088.330811,17.43324089,Zonas urbanas continuas,Riesgo bajo,Formacion Volcanica,0,0.0,0.0,0.5,8.5,19.5
9/4/2018 0:00,-76.55347722,3.355186239,1077.534058,6.768587589,Pasto cultivado arbolado,Amenaza baja,Cono aluvial 1 rio Pance,0,3.3,4.3,8.2,44.2,93.4
9/4/2019 0:00,-76.553308,3.386555506,981.3627319,7.350065708,Otras superficies artificiales con construcción,Riesgo bajo,Lateritas Formacion Volcanica,0,0.0,0.3,3.3,54.0,140.8
8/20/2018 0:00,-76.56054414,3.325837482,1079.889038,17.34329605,Bosque mixto abierto bajo de tierra firme,Amenaza baja,Formacion Jamundi,0,2.0,3.9,30.0,53.9,239.3
8/5/2016 0:00,-76.55790154,3.413007812,976.93573,10.76036072,Otras superficies artificiales sin construcción,Riesgo bajo,Depositos aluviales,0,0.0,24.1,24.2,137.9,326.9
8/14/2018 0:00,-76.56154676,3.344070957,1148.995728,32.60607529,Bosque mixto denso alto de tierra firme,Amenaza baja,Formacion Jamundi,2,3.9,28.7,32.4,78.8,259.1
8/15/2019 0:00,-76.57639281,3.348081318,1181.661743,17.57177162,Bosque mixto abierto bajo de tierra firme,Amenaza baja,Cono aluvial 2 rio Pance,0,0.0,0.0,31.6,147.9,380.9
8/31/2019 0:00,-76.6180677,3.497174243,1890.687622,19.5093956,Pasto cultivado arbolado,Riesgo bajo,Lateritas Formacion Volcanica,0,0.0,0.4,12.6,33.4,138.8
8/10/2018 0:00,-76.54949228,3.315377774,1010.570251,12.94794464,Pasto cultivado arbolado,Amenaza baja,Cono aluvial 2 rio Pance,0,0.0,64.0,93.0,138.0,340.0
8/15/2018 0:00,-76.56715489,3.318904713,1162.220459,12.44734573,Arbustal y matorral abierto alto de tierra firme,Amenaza baja,Formacion Jamundi,0,3.9,28.7,32.4,78.8,252.8
8/10/2004 0:00,-76.55852226,3.49773281,1398.259766,19.11074257,Bosque mixto abierto alto de tierra firme,Riesgo bajo,Formacion Guachinte,0,0.0,0.0,8.0,33.0,189.0
8/7/2018 0:00,-76.5629978,3.355980791,1109.234741,25.43808746,Bosque mixto fragmentado con pastos y cultivos,Amenaza baja,Formacion Ferreira,0,24.8,25.9,34.3,79.9,322.6
9/16/2015 0:00,-76.57950672,3.450547982,1113.445068,17.43528748,Bosque mixto abierto alto de tierra firme,Amenaza baja,Formacion Volcanica,0,0.0,3.0,3.2,62.2,64.8
8/1/2016 0:00,-76.60566649,3.365537685,1722.909058,17.78724289,Bosque mixto abierto alto de tierra firme,Amenaza baja,Formacion Volcanica,0,15.6,32.4,44.6,166.0,357.4
8/20/2018 0:00,-76.54598219,3.358897167,1028.093506,12.37767601,Bosque mixto denso bajo de tierra firme,Riesgo bajo,Cono aluvial 1 rio Pance,0,2.0,3.9,30.0,53.9,239.3
8/11/2012 0:00,-76.57159558,3.30938273,1094.031372,17.56897354,Pasto cultivado arbolado,Amenaza baja,Formacion Jamundi,2,2.0,35.0,64.0,69.0,390.0
9/3/2016 0:00,-76.54711905,3.313651934,1006.520874,9.845290184,Pasto cultivado arbolado,Amenaza baja,Cono aluvial 2 rio Pance,0,25.0,25.0,28.0,54.0,130.0
9/9/2018 0:00,-76.54703838,3.312805086,1004.06665,6.960438728,Pasto cultivado arbolado,Amenaza baja,Cono aluvial 2 rio Pance,0,0.0,0.0,25.0,118.0,163.0
8/16/2016 0:00,-76.60474814,3.368237031,1774.016602,20.66901779,Pasto cultivado,Amenaza baja,Formacion Volcanica,0,0.4,1.0,33.4,87.8,237.8
9/2/2019 0:00,-76.55305706,3.389878911,973.5373535,8.925033569,Zonas urbanas continuas,Riesgo bajo,Cono aluvial rio Melendez,0,0.0,2.5,3.3,57.1,146.0
9/20/2003 0:00,-76.58724944,3.391980599,1313.153198,10.21830082,Zonas urbanas discontinuas,Riesgo bajo,Lateritas Formacion Volcanica,0,0.0,50.0,51.0,76.0,105.0
8/30/2019 0:00,-76.54979613,3.372202413,1010.538513,33.02156448,Zonas urbanas continuas,Riesgo bajo,Lateritas Formacion Volcanica,0,0.0,2.5,3.9,57.1,146.3
8/19/2015 0:00,-76.54769662,3.310771882,1001.350159,5.674838066,Otras superficies artificiales con construcción,Riesgo bajo,Cono aluvial 2 rio Pance,0,36.0,36.0,46.0,81.0,102.0
8/3/2019 0:00,-76.55729372,3.385916086,997.2584839,17.76845551,Zonas urbanas continuas,Riesgo bajo,Lateritas Formacion Volcanica,0,0.6,43.0,53.8,142.7,333.9
8/4/2017 0:00,-76.55417037,3.363315812,1051.084961,7.006042004,Bosque mixto fragmentado con pastos y cultivos,Amenaza baja,Cono aluvial 1 rio Pance,0,0.0,0.0,53.1,181.4,345.8
8/12/2015 0:00,-76.59191641,3.432073356,1476.621338,23.78432083,Zonas urbanas discontinuas,Riesgo bajo,Lateritas Formacion Volcanica,0,2.0,10.0,28.0,32.0,116.0
8/30/2018 0:00,-76.54527918,3.361628465,1007.344543,31.93451118,Bosque mixto denso bajo de tierra firme,Riesgo bajo,Cono aluvial 1 rio Pance,0,1.0,4.2,32.9,53.2,130.1
9/16/2018 0:00,-76.56838635,3.368774368,1098.779663,43.68172455,Zonas urbanas discontinuas,Riesgo bajo,Formacion Guachinte,1,46.5,46.6,50.8,83.2,107.1
8/9/2019 0:00,-76.53742585,3.448990222,1005.058899,4.037531853,Zonas urbanas continuas,Riesgo bajo,Formacion Volcanica,0,1.9,3.0,25.1,94.5,309.2
8/14/2016 0:00,-76.56202723,3.450693136,1110.488647,38.64671707,Zonas urbanas continuas,Riesgo bajo,Formacion Volcanica,0,0.0,0.0,8.4,92.6,221.4
8/20/2019 0:00,-76.55937735,3.393908298,993.4919434,20.03730774,Zonas urbanas continuas,Riesgo bajo,Lateritas Formacion Volcanica,0,2.2,3.3,34.4,103.8,235.5
8/18/2016 0:00,-76.5651074,3.408829568,996.5220337,18.61285019,Zonas urbanas discontinuas,Riesgo bajo,Formacion Volcanica,0,0.0,1.2,25.3,61.4,232.8
9/7/2016 0:00,-76.55578948,3.409174634,977.6685791,9.261695862,Zonas urbanas continuas,Riesgo bajo,Cono aluvial rio Melendez,0,29.8,50.9,50.9,67.4,157.5
8/15/2019 0:00,-76.54967197,3.360281513,1048.233765,11.39416313,Bosque mixto fragmentado con pastos y cultivos,Amenaza baja,Cono aluvial 1 rio Pance,0,0.0,0.0,31.6,147.9,380.9
9/19/2015 0:00,-76.5579334,3.304661962,998.8447876,15.5883131,Pasto cultivado,Amenaza baja,Cono aluvial 2 rio Pance,0,3.0,33.0,33.0,79.0,114.0
8/24/2018 0:00,-76.55362942,3.323417141,1027.196289,6.002776146,Pasto cultivado arbolado,Amenaza baja,Formacion Jamundi,1,0.9,4.9,30.8,53.2,135.0
9/26/2015 0:00,-76.5491065,3.31441348,1008.344116,6.916009903,Pasto cultivado arbolado,Amenaza baja,Cono aluvial 2 rio Pance,0,3.0,6.0,36.0,72.0,117.0
8/5/2005 0:00,-76.57595995,3.383233242,1234.062012,26.06775093,Zonas urbanas discontinuas,Riesgo bajo,Lateritas Formacion Volcanica,0,2.0,2.0,5.0,42.0,200.0
10/1/2012 0:00,-76.55985382,3.300063221,1011.795471,9.273874283,Arbustal y matorral abierto bajo de tierra firme,Amenaza baja,Formacion Jamundi,0,1.0,17.0,17.0,45.0,147.0
8/4/2019 0:00,-76.55083413,3.346284138,1102.266357,4.151127338,Pasto cultivado,Amenaza baja,Cono aluvial 1 rio Pance,0,0.0,31.6,54.3,282.2,437.4
9/22/2018 0:00,-76.5624548,3.336051739,1097.927856,15.42373085,Bosque mixto fragmentado con vegetación natural,Amenaza baja,Formacion Jamundi,0,1.4,46.5,50.8,80.6,103.2
8/14/2017 0:00,-76.56631365,3.341416864,1169.299316,19.77532005,Pasto cultivado arbolado,Amenaza baja,Formacion Jamundi,0,31.4,31.4,78.5,156.1,223.3
9/24/2018 0:00,-76.55086522,3.337989403,1067.003418,9.293491364,Otras superficies artificiales con construcción,Riesgo bajo,Cono aluvial 2 rio Pance,0,0.0,46.5,49.8,80.5,103.1
8/18/2021 0:00,-76.56056803,3.302264746,999.6237793,10.28762341,Pasto cultivado,Amenaza baja,Formacion Jamundi,0,12.0,23.0,60.0,69.0,292.0
9/27/2015 0:00,-76.54924437,3.434052128,1018.529297,47.70287704,Otras superficies artificiales sin construcción,Amenaza baja,Formacion Volcanica,0,0.0,0.6,2.0,24.7,62.7
9/24/2003 0:00,-76.57537227,3.430807196,1365.971558,18.5875473,Pasto cultivado arbolado,Riesgo bajo,Lateritas Formacion Volcanica,0,12.0,31.0,79.0,126.0,172.0
9/15/2016 0:00,-76.56027585,3.29605512,984.8694458,30.92143631,Bosque mixto abierto bajo de tierra firme,Amenaza baja,Cono aluvial 2 rio Pance,0,35.0,121.0,135.0,163.0,220.0
9/13/2018 0:00,-76.56524117,3.339782823,1181.32959,12.11977005,Arbustal y matorral abierto bajo de tierra firme,Amenaza baja,Formacion Jamundi,14,13.8,42.1,43.1,50.5,96.9
8/1/2016 0:00,-76.55681284,3.418007106,989.0836792,14.60753632,Zonas urbanas continuas,Riesgo bajo,Formacion Volcanica,0,22.2,24.1,26.7,172.3,346.8
8/7/2014 0:00,-76.52928028,3.486140753,997.3502808,21.3445549,Zonas urbanas continuas,Riesgo bajo,Formacion Guachinte,3,3.0,8.0,8.0,24.0,72.0
9/24/2018 0:00,-76.55358819,3.326397673,1034.130737,1.594659686,Pasto cultivado arbolado,Amenaza baja,Formacion Jamundi,0,0.0,46.5,49.8,80.5,103.1
9/25/2018 0:00,-76.56167791,3.326667919,1107.866089,29.2084198,Bosque mixto abierto bajo de tierra firme,Amenaza baja,Formacion Jamundi,0,0.0,46.9,50.2,80.5,103.0
12/24/2017 0:00,-76.57352553,3.315672552,1173.59314,26.09546852,Pasto cultivado,Amenaza baja,Formacion Jamundi,8,8.2,106.4,142.0,526.0,686.0
12/27/2005 0:00,-76.5682507,3.311974075,1095.298096,13.20307255,Bosque mixto denso bajo de tierra firme,Amenaza baja,Formacion Jamundi,0,89.0,133.0,185.0,308.0,426.0
12/3/2016 0:00,-76.55018234,3.436022888,1054.556152,9.521448135,Zonas urbanas discontinuas,Riesgo bajo,Formacion Volcanica,6,33.0,43.5,88.0,176.3,262.1
12/25/2013 0:00,-76.59500222,3.375638998,1507.419189,46.02421188,Zonas urbanas discontinuas,Riesgo bajo,Lateritas Formacion Volcanica,0,28.0,50.0,102.0,281.0,409.0
12/1/2018 0:00,-76.56231209,3.472802635,1112.904419,7.045378685,Pasto cultivado,Riesgo bajo,Formacion Volcanica,1,55.6,108.7,130.8,217.3,292.9
12/20/2013 0:00,-76.57820259,3.393380268,1306.085693,18.27513695,Zonas urbanas discontinuas,Amenaza baja,Lateritas Formacion Volcanica,0,10.0,24.0,46.0,208.0,262.0
12/9/2013 0:00,-76.53156493,3.471357094,988.8447876,26.6015625,Zonas urbanas continuas,Riesgo bajo,Formacion Guachinte,5,11.0,96.0,151.0,423.0,533.0
8/27/2018 0:00,-76.55322346,3.340085595,1083.403442,11.09665108,Pasto cultivado,Riesgo bajo,Cono aluvial 2 rio Pance,0,1.0,4.9,30.3,53.2,135.1
12/21/2018 0:00,-76.57085451,3.318234494,1187.821167,34.13459015,Pasto cultivado enmalezado,Amenaza baja,Formacion Jamundi,0,0.4,14.8,266.8,498.8,742.2
12/28/2020 0:00,-76.53655813,3.455614344,1002.692505,13.40801811,Zonas urbanas continuas,Riesgo bajo,Formacion Guachinte,0,53.8,54.0,82.4,112.4,153.2
12/7/2016 0:00,-76.54780795,3.450561157,1051.427246,30.33114243,Zonas urbanas continuas,Riesgo bajo,Formacion Volcanica,0,41.8,45.7,84.7,171.2,262.2
12/6/2019 0:00,-76.57061462,3.381929495,1189.193237,55.42061234,Zonas urbanas discontinuas,Riesgo bajo,Lateritas Formacion Volcanica,0,17.9,41.1,70.2,249.0,363.0
12/15/2015 0:00,-76.55038432,3.313510407,1018.644531,13.30224609,Bosque de guadua,Amenaza baja,Formacion Jamundi,2,2.0,2.0,89.0,374.3,500.3
12/12/2015 0:00,-76.53238393,3.465501519,986.1272583,19.12860107,Zonas urbanas continuas,Riesgo bajo,Formacion Guachinte,2,2.0,2.0,6.0,12.0,39.4
12/8/2022 0:00,-76.61029739,3.43682259,1507.704956,13.5329895,Otros cultivos arbóreos plantados densos,Amenaza baja,Lateritas Formacion Volcanica,0,21.4,47.2,137.6,300.4,485.6
12/9/2016 0:00,-76.61753506,3.503441898,1902.434814,18.39825249,Bosque mixto denso alto de tierra firme,Riesgo bajo,Lateritas Formacion Volcanica,0,12.4,98.0,199.4,300.0,450.0
12/4/2016 0:00,-76.54802018,3.319082234,1015.756653,5.279693604,Bosque de guadua,Amenaza baja,Cono aluvial 2 rio Pance,0,10.0,59.0,129.0,361.0,463.0
8/2/2016 0:00,-76.56312059,3.414295867,995.3299561,12.98218918,Zonas urbanas continuas,Riesgo bajo,Formacion Guachinte,0,22.2,24.1,26.7,139.3,346.8
12/20/2017 0:00,-76.56140801,3.355017259,1118.704468,12.7174921,Vegetación secundaria o transición,Amenaza baja,Formacion Ferreira,0,1.5,27.8,204.4,318.6,493.4
12/22/2016 0:00,-76.63501582,3.327818787,1569.852051,42.98298264,Pasto cultivado,Riesgo bajo,Depositos aluviales,0,40.1,55.9,204.5,433.5,634.1
12/15/2015 0:00,-76.5987921,3.339493646,1307.238647,22.07619858,Otras superficies artificiales con construcción,Riesgo bajo,Formacion Guachinte,1,7.0,24.6,264.2,294.8,309.2
12/13/2017 0:00,-76.618009,3.509529606,1888.755859,25.40715218,Pasto cultivado arbolado,Riesgo bajo,Lateritas Formacion Volcanica,0,7.6,31.0,118.6,232.8,334.0
12/28/2015 0:00,-76.60441253,3.493046237,1634.42041,26.78633118,Zonas urbanas continuas,Riesgo bajo,Lateritas Formacion Volcanica,0,0.0,18.8,31.6,139.2,156.4
12/3/2018 0:00,-76.55768267,3.36399375,1061.793701,42.00718689,Bosque mixto fragmentado con pastos y cultivos,Amenaza baja,Lateritas Formacion Volcanica,1,115.8,155.1,216.2,326.5,377.3
12/18/2015 0:00,-76.57220941,3.314635766,1153.140137,29.91915131,Pasto cultivado,Amenaza baja,Formacion Jamundi,6,18.2,26.8,201.4,306.2,320.6
8/15/2018 0:00,-76.56224899,3.354980571,1139.301025,27.18174362,Vegetación secundaria o transición,Amenaza baja,Formacion Ferreira,0,3.9,28.7,32.4,78.8,252.8
12/3/2015 0:00,-76.5496584,3.446404925,1078.86853,45.676754,Vegetación secundaria o transición,Riesgo bajo,Formacion Volcanica,0,0.4,9.4,46.8,77.5,112.9
8/11/2017 0:00,-76.55243918,3.32811232,1039.669922,8.876957893,Pasto cultivado arbolado,Amenaza baja,Cono aluvial 2 rio Pance,2,31.4,31.4,84.5,156.5,271.2
12/29/2016 0:00,-76.61965805,3.491878162,1926.921753,35.33132935,Pasto cultivado arbolado,Riesgo bajo,Formacion Volcanica,1,17.6,92.6,169.0,305.0,487.2
12/7/2005 0:00,-76.53785253,3.449610179,1002.545227,21.55056763,Zonas urbanas continuas,Riesgo bajo,Formacion Volcanica,0,75.0,77.0,221.0,336.0,405.0
12/9/2016 0:00,-76.55608814,3.412149048,976.1790771,12.02399445,Otras superficies artificiales sin construcción,Riesgo bajo,Depositos aluviales,0,102.2,130.6,182.0,203.5,215.5
1/30/2019 0:00,-76.55038642,3.386851144,975.1843872,9.728899956,Zonas urbanas continuas,Riesgo bajo,Cono aluvial rio Melendez,0,0.0,7.1,46.5,112.6,333.9
8/1/2016 0:00,-76.55436834,3.29476693,1013.586792,19.63746071,Pasto cultivado,Amenaza baja,Formacion Jamundi,0,7.0,26.0,38.0,102.0,288.0
12/10/2016 0:00,-76.60743024,3.49079067,1676.377563,26.58774376,Zonas urbanas continuas,Riesgo bajo,Lateritas Formacion Volcanica,5,11.2,84.0,189.6,302.6,454.6
12/6/2012 0:00,-76.55876933,3.313584756,1057.846558,47.88902664,Pasto cultivado arbolado,Amenaza baja,Formacion Jamundi,0,20.0,37.0,92.0,116.0,145.0
12/21/2016 0:00,-76.54484852,3.315243099,1005.077209,40.76174545,Pasto cultivado arbolado,Amenaza baja,Cono aluvial 2 rio Pance,0,48.0,70.0,132.0,288.0,497.0
12/26/2017 0:00,-76.56306598,3.354330813,1149.773315,16.67749786,Pasto cultivado enmalezado,Amenaza baja,Formacion Ferreira,0,68.0,100.7,236.8,375.8,534.7
12/22/2014 0:00,-76.63348361,3.328077818,1554.860596,23.31459045,Zonas urbanas continuas,Riesgo bajo,Depositos aluviales,0,1.1,59.3,160.3,410.2,815.6
1/4/2019 0:00,-76.57279409,3.304601808,1088.012085,23.03314209,Pasto cultivado,Amenaza baja,Formacion Jamundi,0,0.0,3.0,26.0,240.0,401.0
